wallet,total_pnl,first_seen,last_seen
6P2XrFUBfm6qGSadmopSMovtqNDN5hWj3JJ3bqjaL2NP,64894628.37,2024-12-04,2024-12-04
DbJpiVvBV5SoTEde7fys8H9VGoqnRqbNKySH6t55DFHc,1621920.81,2024-12-04,2024-12-04
7EXNiL85uAxSYpY3vzei61VM2Bu7mkgD8LqyD2QqJguY,37703260.97,2024-12-04,2024-12-04
3kjF7ZXfMYo1dqxFNE7WVtQ38zZSciptu1deWYibre1m,34631717.93,2024-12-04,2024-12-04
4VYpbeyGwS9WocLxTBkNKtiBgn5WV5qRam4HdHLBxvUR,34005334.91,2024-12-04,2024-12-04
3Vwrp1bYFvScBztiTtErHD1LQxcMzWEmgboCe5XyUYAd,33148965.79,2024-12-04,2024-12-04
8Q3p7w5x1PXyy99kPxEsgrdkp1ExtCyUAzGeXGqMXL8E,33021008.54,2024-12-04,2024-12-04
FTg1gqW7vPm4kdU1LPM7JJnizbgPdRDy2PitKw6mY27j,1072734.04,2024-12-04,2024-12-04
4rKhMmSDMQ7aheSXz47AxsR9iSoVFKTV2c24BXn782Ey,30877549.94,2024-12-04,2024-12-04
5MNizMzFryXZC5JPxdH9ugfgmJcyLBKxENiGRAZygBRS,28176672.58,2024-12-04,2024-12-04
FKy2QyHNz2H7K8c4pZnifdP3ogrG4JujwNEB5bTzFEL3,2040614.85,2024-12-04,2024-12-04
js5Lja7zP5RCcTTpdNPB2SwRcUemBYJK8bZio4chzyw,25021263.47,2024-12-04,2024-12-04
4U7RCa8R7UZcNz3KUSexmrcMdFMd9WgQqqxb8rX7ffRB,24196292.62,2024-12-04,2024-12-04
7XpcowtypeJyCRJAgyQmYR4xAgdnykPJXum5b4a843YJ,23869003.97,2024-12-04,2024-12-04
9Z1Jtf9tp32rLCPE3HgX4uyCEVArLN7DCrnSFdN5LYhy,21526269.6,2024-12-04,2024-12-04
8QaDxsrvMUJ8CU9zQoZbcgzLfRGEPGqA2G9pckJGNywn,20066665.62,2024-12-04,2024-12-04
JD25qVdtd65FoiXNmR89JjmoJdYk9sjYQeSTZAALFiMy,1876855.72,2024-12-04,2024-12-04
3SCcDZ4kdJ3PJgW5gB72ebhfG3Kacfq5FF8bfUBQGcx3,19893795.56,2024-12-04,2024-12-04
2h7s3FpSvc6v2oHke6Uqg191B5fPCeFTmMGnh5oPWhX7,17578282.32,2024-12-04,2024-12-04
ChycTN6GmzoBpbsFchKSgohxod3V3Ax7TMkTykJPzP6W,17109242.22,2024-12-04,2024-12-04
J8ZWHVX5CjZWcHb1fqNVSiwjRy21WFj8mxvFDddjbHxv,1144628.49,2024-12-04,2024-12-04
GB4PGoxJ5qaxmkdfBCxhw5Pcfet5Y5CpeMXdPwyBoj2R,16271751.45,2024-12-04,2024-12-04
DjsZvDXowchiF4HzyodUVJwBmTcxLd1Wpqax3Q7Ddu3A,16145113.9,2024-12-04,2024-12-04
BZqgZXLcQ9WRmiSWK5gh1TRPxL9iEtpuJh6F1RssQLRj,15909840.21,2024-12-04,2024-12-04
DrvR5Xn84VJ2HABTP3SnFi3V4W7EpZS6djoJC7HATeTg,15831194.86,2024-12-04,2024-12-04
JD38n7ynKYcgPpF7k1BhXEeREu1KqptU93fVGy3S624k,1003268.03,2024-12-04,2024-12-04
6Tywitb3HtTYqP8UkCHm8CUVLHwRufS4j2gYraYZnr1v,14477561.19,2024-12-04,2024-12-04
JD1dHSqYkrXvqUVL8s6gzL1yB7kpYymsHfwsGxgwp55h,1716370.31,2024-12-04,2024-12-04
4AxgR7W17m6QKwX2Pqybw3ANqDfMSPKuDdAsxC6VPmZA,12469828.81,2024-12-04,2024-12-04
NyvjHeuATcGPEYTDaqGjNefuDgU5KoMCAys9BvaWT9b,12160379.97,2024-12-04,2024-12-04
3MnLctUvd7QUpvsP36caPT8rTj7QtM6VaJUYEFP3LH5B,11307488.3,2024-12-04,2024-12-04
HuFFg4HRXA2b8T4wSMHbFoFw9uh1AUzi8ofYJrpmHLMy,10407216.23,2024-12-04,2024-12-04
7iQ7aX4zDK2bSyj5RkQP3upgKt5foVCv9c5A6sHxddZV,9805986.33,2024-12-04,2024-12-04
CNRFEckxZhq7M39GCsfr1WYu1LLVbc6caWpQCZnhzYwz,9717134.99,2024-12-04,2024-12-04
FcDVLLKgpg6VkupLnHgXtEzyatdpmePi3Gu5fHhK4o8U,9619923.87,2024-12-04,2024-12-04
4Jpef1sPVwFaQmWhDVaoHcY66nmSmbLd2fXgVW59wJqL,9129324.13,2024-12-04,2024-12-04
6vXh86CR7zMyyFAQLPtxY8AWxvdm5nrXp8a5TiH8XVS8,8910445.8,2024-12-04,2024-12-04
5nstXoqdi46pp8GhAgQx1qTEvUgUS66sDzesjTbRVchH,8766771.22,2024-12-04,2024-12-04
2bZuV31edRz9Cwzo41WY1f26LWUDt6LUvzVNt5r7F7qH,1083337.66,2024-12-04,2024-12-04
FQYAQe4Eb46MPBXjDQa8FrFr5YRL6Jn6bmZRcGkjPeGf,8537804.77,2024-12-04,2024-12-04
BZZCKSroav9fcFQw1WXs5sQBJGTEUbgmK9CC4qn7r3BP,8530191.2,2024-12-04,2024-12-04
J865X6P4QDE7xp5JmkuPhyeRHZqddnVKR9pZiAJtZEAm,8466807.01,2024-12-04,2024-12-04
6K2CJbTsSDtNBtNRtetkayNAdd7oFTDZiJrcb2nkWnmZ,8401163.55,2024-12-04,2024-12-04
8JQmzzb3VqWWtHb3Vd2jcZXML6S6tran7HGpQ9emFZCF,8372244.86,2024-12-04,2024-12-04
9s5mGsk786TVMWcxTsaUYE8G8Mtwdq6hdbJHMVHKuwRE,8090236.68,2024-12-04,2024-12-04
Aw4mqCCzte1mEsutsd2XEp7uP7hPCdM4qqJykRTUi8HJ,8037943.12,2024-12-04,2024-12-04
2giqGx48fcYrnJBWFd78g358MRMHTkGLW35onb7MLGZT,7908678.2,2024-12-04,2024-12-04
AQ8QbR55xh6sv3JVP8kdW64gCGp62Hun3cxqDwGtA4R8,6497162.85,2024-12-04,2024-12-04
6KVyzB7Sxx2Rnk7J8ZEhBZPbKyiRq3tPY9YNhtCjcems,7857739.2,2024-12-04,2024-12-04
G2uYtgLsLfLCncWNyZZd7kotqL4h9HFSLeaqYmX4mhts,7544502.45,2024-12-04,2024-12-04
6CGE94QaRXJ5R6ekE6TF4dxWyZg7tr9VD8gqxZgLg12R,7525863.47,2024-12-04,2024-12-04
3AWDTDGZiW8joyfA52LKL7GUWLoKBCBUBLUE5JoWgBCu,7448505.97,2024-12-04,2024-12-04
7HGwBPjoGBqHnSPqv2JF9QnySKuojmUKgH8hiHYGesQA,1014354.04,2024-12-04,2024-12-04
8aUkiVYbBhwetmpbbiykiLYnAScsDbqWpRPrubBcMDND,7404868.86,2024-12-04,2024-12-04
7zp53pV8CCuwLSei1jiQXCtK8w3eqtkUGYoh63KMsBXw,7347435.63,2024-12-04,2024-12-04
HW2WU2i93vTFurADDyoq6dFNL7ai8CefKMQUBxXUhQqE,4737842.19,2024-12-04,2024-12-04
5BSH8QKXthgLH2r3cazW4Jf38DHvzqqVjQSkNJVHptyy,7199957.96,2024-12-04,2024-12-04
BH84Uo2YAnyWRUWeWyfFzttRmE51V682xUaD6NrLHM88,4246651.11,2024-12-04,2024-12-04
AKyT2CWEsvsZo2g2zGtQMwBN5BFdNxWFxo6vGPhuB6Ym,7059853.05,2024-12-04,2024-12-04
DCAKxn5PFNN1mBREPWGdk1RXg5aVH9rPErLfBFEi2Emb,6939459.03,2024-12-04,2024-12-04
7CzQeAEcjBDoG2HjapQzg2MYR6HZ9EA7FCdATz1Ui54h,6896694.53,2024-12-04,2024-12-04
DCAKuApAuZtVNYLk3KTAVW9GLWVvPbnb5CxxRRmVgcTr,6881454.48,2024-12-04,2024-12-04
D4uCNcBKAbG9NAkmhQg7pBiztuejNzbWrZDcZmFGut81,6861472.13,2024-12-04,2024-12-04
HYWo71Wk9PNDe5sBaRKazPnVyGnQDiwgXCFKvgAQ1ENp,1110718.2,2024-12-04,2024-12-04
3nDAuoB7KN8BWnWwQNzKZhRTjv13kPSN3bqxmC9ZAE3W,6800651.55,2024-12-04,2024-12-04
6bKUguaAgYYbxwvzg7ge4vNTHtrVTmKBSfJRWVvNwAPr,6772616.31,2024-12-04,2024-12-04
HoJScktcrdbUXazMU1oggQ3b9hqEFi2fd3UCppfZVym6,6674255.95,2024-12-04,2024-12-04
EUES49UdAkevnREj5YShNXpWjX5DN44uCJQo7yfaggot,6516843.35,2024-12-04,2024-12-04
DCAK36VfExkPdAkYUQg6ewgxyinvcEyPLyHjRbmveKFw,6351838.04,2024-12-04,2024-12-04
FUCtc9NkQXWKFDJyA4Xjkvm1CdYNEnvTZkXpThNexnij,6281825.05,2024-12-04,2024-12-04
8zFZHuSRuDpuAR7J6FzwyF3vKNx4CVW3DFHJerQhc7Zd,1024173.86,2024-12-04,2024-12-04
EKDB7EyLPD7a2Mqo7Kh8Y4aR7gD26VErY3yj41eZjwCJ,1259853.76,2024-12-04,2024-12-04
4VkU1YmVyTwDwZhS8nAFSPLsvnNJDe8oNLuadMaYty9d,6109807.78,2024-12-04,2024-12-04
GTiCQZHknSenLbpbhjrztxDGwWr2fUPJDkefjKRZTwVa,1508566.24,2024-12-04,2024-12-04
APVWHzPsJWxxa3gEKACqXSHd2c1mZwdzRBoaSVmciUe3,5868358.46,2024-12-04,2024-12-04
GzRsww2BLfQoCJVwiBcM39Y117FJNtXW4qMJTs9pY4wZ,5810709.74,2024-12-04,2024-12-04
DMcgws83YcfmESd5wBM79TPuBtednUAj866TXzy1JnCH,5698362.48,2024-12-04,2024-12-04
E37Yg3VeA9voGaip7mopW8RM7Bu3t1CSddMCqvtCB98H,5690669.38,2024-12-04,2024-12-04
9wvUZxTESmPxxCt66Y9NbYhQuW9MumzHTP9rw5n4YcG4,5652840.69,2024-12-04,2024-12-04
AMUdu2q7HUGfMPs4RgysJ9PY7WdDtZvYWNRWYinSxA5d,5519014.77,2024-12-04,2024-12-04
9FHPLy6DEtFYYQouyP46WPFYH3wyGSD2sEFwibZjqkfL,5511487.52,2024-12-04,2024-12-04
C1KATGgpPPJJhy9VZUJTg6ryi1mwX2tWebLvgD8ge7Ym,5446649.66,2024-12-04,2024-12-04
AtqScWPNA72St8uANmneoX7hhgXvMqthMzBckUwwqsX1,5434240.84,2024-12-04,2024-12-04
4RJEZA7VeDvgKbNpmQUNzVGRcpCpGB8XhUzWz4mtbrGM,5431379.79,2024-12-04,2024-12-04
FzsrDVUD9pC6dD7483d5upsFKoDu2sjwjWAdUa1dCPRR,5431369.88,2024-12-04,2024-12-04
FyzHhXQZykB3QEaAC1pDdAms3pgRB29v3eZJ2GZqNBG,5425023.65,2024-12-04,2024-12-04
2skc5pq7gyi8rauSTqy92bdVDC3KE5qGJuJW7WPeRCkc,5416199.72,2024-12-04,2024-12-04
B8Q8KGFrybnUUF1EJBZ7proVT9Djd1yi58Tr8VmFKw61,5412194.69,2024-12-04,2024-12-04
Hx9ZKqg9XVZkUWzgcFa2fjEgDHCFr3KLXBmxfwoBkyQd,5393907.68,2024-12-04,2024-12-04
9ay8FGy478kNdyMGQ2dd2MGcBbrXQGm3ueh2VpYmHXC4,5300671.19,2024-12-04,2024-12-04
CGE9PLunzSUzyVHU8RBXuvxkBEzTNrAdnXgVW9L676Tu,5299582.12,2024-12-04,2024-12-04
D1DhSivDh6nuS3ecXN3ddx38vBxxBbj35Ak98gwHoGnR,5263413.71,2024-12-04,2024-12-04
BT2sdwJeDWqXNUNBJwtKWBD7RjquACfjo1rT9vpZLUSA,5195341.28,2024-12-04,2024-12-04
B2VdH9Xqfu2EPjmYfYMuNU4i4e5Q7PBFBUn8htSGqgd,5146300.62,2024-12-04,2024-12-04
HQKRiZCreXr8WsgDUPqQfftrrHK4XLhacy4yyjnowYx,5136619.54,2024-12-04,2024-12-04
6rtdKYx1KD6zSAzf2iMNGCKfEncYZRhhKzUxYEd5Biam,5129667.5,2024-12-04,2024-12-04
CqWVLXaj8r6vud5SfFr81SzmFoqXa5daLi1WbpQZxuhV,1065340.52,2024-12-04,2024-12-04
6H6gtwnKzTs6ttz9Ks1bQeqA3okPuSo3AsbdUGepWLRK,5041662.96,2024-12-04,2024-12-04
5W7UZNQk6oCFbNdPowRJZpByErqzifQFVNVtN4uKb3cV,4991648.64,2024-12-04,2024-12-04
Bqf76TrvZr637xvei14mHr1odxBTvKQccBYXhxJjp2RT,4964700.22,2024-12-04,2024-12-04
FVDo2hTokZeLcuGxYJP9WVAGsnmELhPi9yuHMSNmoU8s,4954519.59,2024-12-04,2024-12-04
J2ZRUaFrh1hi6SeGKNxBvy2qJ6uaT8FhiZAeJAreCs7Y,4861309.86,2024-12-04,2024-12-04
27nKnCT3DD5NLJw3xbq3KDL3thx6KTe6DmrRCbi2uszE,4857549.1,2024-12-04,2024-12-04
3XcHbc5Z7GfM3nXkP7NE8GT7ZawVsekxEfmPCofD1kcc,1255350.27,2024-12-04,2024-12-04
23ESL1T9mUcdMNUN48gmRARXtWY6kithUgSu3NN8vHV6,4845529.54,2024-12-04,2024-12-04
8LVFa3jddFQycBLND4pE4XAUVoFRENUpRRQmwMTgEe8E,4845153.61,2024-12-04,2024-12-04
FGwLJrzyP53Shopum2NdBejUTaHVyNBraD81gt4CWQpC,4734750.32,2024-12-04,2024-12-04
GzzKoRRfBpebJ5DL36xzciRdJGE69hMNt3SZ9UWukUKU,4721416.02,2024-12-04,2024-12-04
5vrX4aLvwhTzYCh6LpXX5bJbwrgkcjTVQiUBN8DF7n2q,4710874.32,2024-12-04,2024-12-04
99VXriv7RXJSypeJDBQtGRsak1n5o2NBzbtMXhHW2RNG,4674018.81,2024-12-04,2024-12-04
GmM5UFm8xu6TnZD7avwYcQ1zq25hD5yvHfYyAksHu9vB,4666545.28,2024-12-04,2024-12-04
Haee7H5bKDCnm6dXLkeR9DcWw9Puhnkwk71QBUSHcpUt,4635590.09,2024-12-04,2024-12-04
DRbDtEQWUPynTUuX2H1Nw8Aj5qKDB8gBFm95JYDcLdFv,4605092.41,2024-12-04,2024-12-04
8bsHpmidKupAbZ7jcgAwUiciEdSZy47dRwMifiQwueVT,4590599.18,2024-12-04,2024-12-04
FB17KCgFjwtEWduJAykvRcJnM5nYZvpHfWWg135V18KR,4585223.63,2024-12-04,2024-12-04
FB6RNQ5KQj4fH4qJ5EFKiPBkgD4LXaPfvLxj2P2NrHMq,4584487.87,2024-12-04,2024-12-04
Hjp6VoboXdTF2wSmSnrVttQaTTXD1eX7r9HAGVgpLBDE,4487105.71,2024-12-04,2024-12-04
Hca6WQUNMQZsGtxX5aSZKsZT9risZK82nvL8zush7ged,4453141.23,2024-12-04,2024-12-04
FYEoJK4QWhxQfdTFk5ekEK3xWKPBojwa9wNKaJZ32Reo,4425947.01,2024-12-04,2024-12-04
2Uw7SpQWnoPo7gobKo9rUu6gZ5QizvSacmZARpCXTAvs,4378820.77,2024-12-04,2024-12-04
ApYz85FDJPFZSPB7rE4D2MSCKSyhCVqvvJNE1ybcfqQF,2826205.18,2024-12-04,2024-12-04
6vavjVgB77AijuHzf2FbzJL9CcaXFC58T377TfkgbGYw,4362218.65,2024-12-04,2024-12-04
2HbSDQ6eV4bUREdTd2juVcsA42ppFLjyCmmhETRWQBjz,4342150.83,2024-12-04,2024-12-04
9AvTqkyGVeZE8q2MrEXaQsAqqDYVj3xot2WeHcTc328,4281662.03,2024-12-04,2024-12-04
73utv4qKKe2wi2ZnFamx3459bgXtZgVbMdEjakK4dhCY,4273392.11,2024-12-04,2024-12-04
5urc4fxBh7RjYVjvXv24XEuK38uQV8hxYo7niaEDGQs9,4188470.6,2024-12-04,2024-12-04
CPJQEwQkDFSJut9U2zZR1H5HyNg5JYZjg7EUXVMMSwWd,4181314.21,2024-12-04,2024-12-04
GBC3eETdXyTZqH5j1kMbtmLpPPUT3QyDUYktEAu1BTZY,4089574.88,2024-12-04,2024-12-04
BVb5iFPRfWsxq3n69sVsr4Qg5UfFgx5WxcU9WBSeM5ao,4086281.47,2024-12-04,2024-12-04
6VxNqkH7oUMBXUaa3QpCsmeG5pejKPzGH5tT57xNC1An,4076738.29,2024-12-04,2024-12-04
EGSb4HyLm8sYdQATumMRFUN2abnFrqXJ3VXGqqxKFtQv,4076295.63,2024-12-04,2024-12-04
362DD2MPEFQUxvJRVpna5kC51Rrd1RKx4TFw3pPdi8xr,4053691.62,2024-12-04,2024-12-04
EA1Es6599pm6JBr1hkPVaWtTW4cCZbAcnj5ikgkfaVyE,4022087.02,2024-12-04,2024-12-04
DFLsswviB5berifRS1qFXJhQMdSVkUYmu16hxrVbFtbm,2549353.75,2024-12-04,2024-12-04
7ZhRXgBjphKVeufAMUsmG8hi1PwdFRDWiSbP5yzm2g3Y,3991267.77,2024-12-04,2024-12-04
ARotCjvr7kwk3eLYALJJ1RwKMGn9Dba4uFi5eGt3btKM,3987444.98,2024-12-04,2024-12-04
4zNtQwBpuCWuSAWpnSU8ty1NdNUVDMsHBw3w9V9DNAWt,3987075.5,2024-12-04,2024-12-04
C5YSQjFWwdPcQnEyh51Gt8tTWzRpzAPAyqUi9GX526SD,3945635.67,2024-12-04,2024-12-04
iws9UrXUKHjzQ1TNEcn6hbY6DSCvrRWNUb1ckNtiArK,3943399.22,2024-12-04,2024-12-04
E4EYgRhUGZJXsYjiJhu4yRpjzYyh85GR1R2XnZ1zB5JW,3932116.8,2024-12-04,2024-12-04
HwWarRgiex3mFTY78VbXc3G5gbVtMEYjqBgMxuYqcHBd,3908192.03,2024-12-04,2024-12-04
DaDa84eyo62G78Snq6Lob6wDac2MQoYUarjPwLtrxiXg,3904578.05,2024-12-04,2024-12-04
JDS3XRjS9xK9hrKRckwNNRsYhcMzyoQbMiqdFHSUVEeK,3897048.67,2024-12-04,2024-12-04
CMDarQhUrahd9f3UNEaC5yfBi5ha8gsLEwP9aHZQeDLG,3882870.82,2024-12-04,2024-12-04
9vWutdTBs66hWkeCmxaLFpkKy4q5RSe8DsFjfdxj5yFA,3852214.94,2024-12-04,2024-12-04
2JrTudNHthFHtgHBoJdx9xKgGRAYrir7AUw7shvdW5uR,3821807.36,2024-12-04,2024-12-04
HptR9xKJ8dK1tEyktNMnLZZW6wUW3HGN7FzmEUSnx5uk,3815959.54,2024-12-04,2024-12-04
E1ZVGeWzdRmLjXnUYBzpLUwPmbaBvn1xTQELWsWKrDau,3807142.09,2024-12-04,2024-12-04
97J9C2fszAk41GyeLB4bVZpXCXphLKk3YZ5foqBpZy6W,3795075.76,2024-12-04,2024-12-04
CjbyWLVSU1HaKDrqr9SbAyQZQWFswHJqaVFeJMSKick7,3776570.71,2024-12-04,2024-12-04
8osetrvj4ZBTrMYkQb91dJyE7VFoAEqq76dXn9tvBzKD,3766473.38,2024-12-04,2024-12-04
6EM5zyfqE8XsEvxdvTApLcr1a4UhvntQ33Uztg8Z3X4j,3756381.85,2024-12-04,2024-12-04
6JwYriq4wV5GHfyEa5HoYwaKS1YCziauime719Uo2z1b,3748112.26,2024-12-04,2024-12-04
FbUKakiATbZdMExvvspdKc1PgcwX8LYtQ91UHsPfv4ha,3738741.35,2024-12-04,2024-12-04
5YET3YapxD6to6rqPqTWB3R9pSbURy6yduuUtoZkzoPX,1011262.54,2024-12-04,2024-12-04
5ow9M5AZUDUm3p3PAeBYMA8g2n65fKRMrfdbqEyE2b6U,3693770.69,2024-12-04,2024-12-04
6CPKgRCeai3mXjrC1XwS9DoXA5dFywiQVjj9GpzUfChh,3652119.0,2024-12-04,2024-12-04
kCVKJ3nuDH1twVXUJCWXsnPTswiHgEV3heYhd1g81E2,3649925.89,2024-12-04,2024-12-04
Bo5nL4Ftpvc5khB22fXaMty188XHUShkNVgDMwMC7K6y,3640441.83,2024-12-04,2024-12-04
EQa81xxSya9wTuq9a1gKCjZoLq2zo4hjnTqWdtb2dbai,3620979.57,2024-12-04,2024-12-04
BgALSD5UiPcDPFEL6GxSEDJrC3JvRoSrNKpvbbxJQDz4,3612385.08,2024-12-04,2024-12-04
4QmkHvmqoUkMvno8DRwvUkVYXCR4sRGvR7TjLPrgmQ1p,3604261.95,2024-12-04,2024-12-04
26ofYa1jACFCLsckB17YESqcfiHGv2K6jRTsmoxj1GAp,3589613.04,2024-12-04,2024-12-04
29DW1gS8BQRjP8YcJPUo35zdZDMdsAAaPRBL6XVeCVVK,3578651.27,2024-12-04,2024-12-04
R9wFx4oTF87JgqYmeP6t9dDKjVnaniSC9qhwFtmqSmR,3532416.91,2024-12-04,2024-12-04
BrXAK9Xt3D7spm929dovRVrKkpFatUk2RLTz23yq4ujd,3513437.33,2024-12-04,2024-12-04
BykUzUGrTgYR52WTNNeiLDeRYZ9hmuHQFDPjBeUJLaYV,3501622.2,2024-12-04,2024-12-04
D7KRDK723rCDNHwNgcEEEgukJx4ujBS9wsrBJhmjo9As,3477705.29,2024-12-04,2024-12-04
6XkxwJ1oBPrE4rFHi23aEDdxqAXq83gb2i5GBtcANwm,3469772.26,2024-12-04,2024-12-04
6PHyogFKV3wVjVLG7oc8y26v2vhLAMBhTvXrP2cFfxKx,3466317.87,2024-12-04,2024-12-04
xNCuHejZur3Mcj6RuQTdkZWJgRiYpwdwHMGutkZHN9Q,3457931.41,2024-12-04,2024-12-04
FiBonCQsmJWr7j4bizosNUe3PsjYKvUASnUzQhtfmuBX,3411039.54,2024-12-04,2024-12-04
22yV8t4pxeitSiTARRHKq6rhM2HYWMYR7CmqxKiJmbVS,3410064.89,2024-12-04,2024-12-04
J7etwUvfu1FUyrM5psyMVn1tuBpAqanWP5dUsooVKrXG,3400745.56,2024-12-04,2024-12-04
6ryE2VUSgbkxpV7J7Aa6XYWrSiPNfZWXAAf5RWb1Rqmq,3400476.2,2024-12-04,2024-12-04
3Kcg2qgB9LWZmJFtLnXEY8vXKzVz8m5ydqKMujBG37gp,3362130.23,2024-12-04,2024-12-04
78918V7Cr3Yvx2YkaGyeDzQBHjJuHFa8vy5JC6Be5itz,3334327.32,2024-12-04,2024-12-04
2ZiQY2u9bNxLF3fDhUFmZCz1n1baNnx2jtu1asPYpMhR,3331545.48,2024-12-04,2024-12-04
9SeLgFS6x25wZxfknqSFXUtH6BHQApTY2ZoyA86VggUf,3326882.71,2024-12-04,2024-12-04
G16qiPfAgMw7ChzMNyog8TxBRqkP3MLyaMR7mLfNjvxC,3294683.16,2024-12-04,2024-12-04
HXNQAC4Mx2HXYL6NRw3sugYYDSW3csPz28YPnv21driu,3279956.72,2024-12-04,2024-12-04
3rNwdSoDLaSp2WARssTZ9t7g7UVR6mK1u9VGhDci44z4,3277292.29,2024-12-04,2024-12-04
5jJNvAuoTQ4MQxKFVaLsQiV3dZB4fz75sdYnrB4WVMDr,3259538.73,2024-12-04,2024-12-04
9uuq6Uch7nGQxQhHmTfrmXcSLP5nJFxFsRChL36pNG39,3256406.66,2024-12-04,2024-12-04
CP1GAPugCHXhgb7r7v6hdUK9EJmK7UstFL8HGeq35TRu,3255727.45,2024-12-04,2024-12-04
2stA1zrtWMerpwZ5hmDomVicC7ZoWEnA6CFEYd3xjJSc,3232668.82,2024-12-04,2024-12-04
HeTCtaEyC4cNTaKsA5PM5QoveLiUemiEU6T9HW2tdbQp,3229603.61,2024-12-04,2024-12-04
HaADMdMUdshuPKVTw1wS8AFUfswg4Ks1PxAjRePrheuW,3227849.67,2024-12-04,2024-12-04
34ZEH778zL8ctkLwxxERLX5ZnUu6MuFyX9CWrs8kucMw,3214917.09,2024-12-04,2024-12-04
2FFszfAe2NLcDrXhN9drnid7S4bMwDprbABB4q6gv6SS,3196791.01,2024-12-04,2024-12-04
BNNPA8aUni5LZzGjd3ZauwsRXKVpQVtf89FyZRKVy36B,3184082.99,2024-12-04,2024-12-04
H4HJ31Th7ti5saUaZRKe9WyrDxTzrRX7gojd9xA2xF6T,3178860.21,2024-12-04,2024-12-04
71CPXu3TvH3iUKaY1bNkAAow24k6tjH473SsKprQBABC,3171716.34,2024-12-04,2024-12-04
E82uKSzbi1YHuEPDkVV93xz5zE7phNeMmENQieyyX3kH,1426083.57,2024-12-04,2024-12-04
BMFQvsezqSHMLXgEeLne9sqiPion6T2168qmEffxtEPd,3125864.36,2024-12-04,2024-12-04
BC9idXUU8qEehdRRH61VJYHLpCqMML7yPDU1ZiZ8L6NT,3109467.34,2024-12-04,2024-12-04
73UUCeARVtcMDWSeEQy4odsMqqmNbZp4KtGTD7Wq7AoY,3076436.26,2024-12-04,2024-12-04
5q5eGLvCoqrDB9qErjn3F2CiX3z6NYKUkX43xF2x3ira,3072145.7,2024-12-04,2024-12-04
GWZEpUuGVJY1QjqrWooieyxWwqfSMnoZx9HWCm6Cd7eT,3061969.09,2024-12-04,2024-12-04
8bErDQoBMuL8eZtPXoW7uM8ZzU2zTKZfeZxZap4ESpEF,3048051.49,2024-12-04,2024-12-04
BWNBi7NvjDm6ifqF6K2TjPJm73icyBrMkH4MfYhvNX6L,3045287.41,2024-12-04,2024-12-04
BrNoqdHUCcv9yTncnZeSjSov8kqhpmzv1nAiPbq1M95H,3044422.51,2024-12-04,2024-12-04
6r3WKowwoqYkG4P2zVvX1aNBrg8Da1NZpHT9QxQy9w57,3028746.94,2024-12-04,2024-12-04
96bdwZ1DVoHkMFBumRio6MRGJRoPt58PU3ykNSU52iz9,1376244.25,2024-12-04,2024-12-04
7AcXjNTmryXtbGEqYtD3GYGYAtU9hfpp8vSgJY621jpr,2996731.91,2024-12-04,2024-12-04
9zmcSrMV5yaA1gNdA2ZkHvfkir45jKhnmNwGwj3r2kuq,2985894.33,2024-12-04,2024-12-04
F6qJ9zEigBXrD1s8gkYSPcr7tvL1xKgSdwv1jKPvjDX7,2973132.84,2024-12-04,2024-12-04
6zMfvBXg3RjftRteoAxi86TLgvp8dezrQQCTvrVBYv42,2962124.29,2024-12-04,2024-12-04
HsEpWHShuPDZM35DmS7BU95qrvPQWC8vLqQtHajwifcf,2960706.45,2024-12-04,2024-12-04
BfkNvWDMwM46uQ2WYCr7xGzmtCtH39zf48NKJ5ozCNn9,2954213.67,2024-12-04,2024-12-04
BZi5L1mCmVjXdUmeCRQWfKvuWqXakmRYQPFpmS559hD1,2940858.26,2024-12-04,2024-12-04
65qGwfc7kw5pTvBzSqm1Cvgh7FYNkXVpDrxJzHNJmEC5,2285228.7,2024-12-04,2024-12-04
9i8Y3G7qyHQoV8nWLAAzS4MeZ2fZT9riSFg31pVEfNYs,2922834.84,2024-12-04,2024-12-04
EZopeJNmE6WQSnfRyQaxJ29psZP1KBv2WWqQzNbPZnTr,1191351.79,2024-12-04,2024-12-04
FFTUoNzcR2MV54GNgVeDCqkDEj5xzyRgVnk1sFTgeh9B,2890116.24,2024-12-04,2024-12-04
Gh9rK1vCQdZZ63SATGV2dC9dcLyjxYu67shS8MDid3zb,2882766.7,2024-12-04,2024-12-04
gUPH84k3YhMSjXSfXrTAUzCjuqQinQMZg9TkAkoSR77,2857008.78,2024-12-04,2024-12-04
EtCvfhUw8tSjHTCTJ5WzpKitHVRkPW13xpC9qHPjEGxj,2855477.01,2024-12-04,2024-12-04
4UV63VZEtYaSURyeFAFGYeThsUzkiwz8wnHPsHvJSN1U,2852524.55,2024-12-04,2024-12-04
2kfc7wExT6R7HcpAqYRBGkGNsaKMAvUzmhtwgGWSzowj,2847953.83,2024-12-04,2024-12-04
3ntawKLwTyH3MRXs8ztDsanKB8hw7pDVKGxkAi5dYqyd,2842819.2,2024-12-04,2024-12-04
9eHsksi921byyGrVAUfUfHsnHzauwb6HQxUp42CB7Umc,2801100.29,2024-12-04,2024-12-04
j1opmdubY84LUeidrPCsSGskTCYmeJVzds1UWm6nngb,2782372.33,2024-12-04,2024-12-04
9sbXqBwbjxERarzSaKPFSSq2H8hDcHd3KURTR8nSqVYE,2779277.81,2024-12-04,2024-12-04
GMqwf2ct8runQarHgHxkbXgcMBJzwjVoL525ZLCAFLB2,2777622.78,2024-12-04,2024-12-04
8zoTkb1anRRGBnr7vMS7yb69ZDybLf2jahUE5iDb65d9,2767112.0,2024-12-04,2024-12-04
2hXs8LECGt9JMivtxHJATvjwiVWyJZKd3dfmzYioP4oi,2756964.35,2024-12-04,2024-12-04
8NZBJaCdmpK9vobvePajVJUYKki4YFum6HTAGWiw96TB,2756136.36,2024-12-04,2024-12-04
HeBHyXzwpynNFM6yjemWYie14rBWwTPiowN7qkX5HCL2,1241767.62,2024-12-04,2024-12-04
3pxSKe1xL3GaNh7kxpoNiEGiQ47ZgEpDBA9ikosdza8f,2747360.66,2024-12-04,2024-12-04
5UnMeR9kfmzV5EXuMYxjxpagkiwzg2miNP8HoG2RpDrb,2730688.03,2024-12-04,2024-12-04
5wTLevkkUWzKgRTWKcSjrgdoP8TnrEnXYGaAxFKibsS5,2725836.68,2024-12-04,2024-12-04
J9nMxfmxPjRnd3UrxazTSViEbwyru3Pzt5pwa1Sdcs4g,2719840.27,2024-12-04,2024-12-04
D5FVxtAaEVustw14pCP92iCiWpJ4SDHdLR2AvWGB7bB5,2716750.77,2024-12-04,2024-12-04
GbiKcGuQeYJuAhmmVzaM9D4ivLRM8q7o7a2gvRevmBVW,1174644.51,2024-12-04,2024-12-04
2nQ6uyDM767r4L9UVa8qwgCU77XAb5ZKcVBPGNjr8GLa,2709389.07,2024-12-04,2024-12-04
4PZ5msFrPZhhYmtSQhB4J38TAa5TD2uHKU4zEKZha6hd,2706480.24,2024-12-04,2024-12-04
c2bLVAwqC9KvYwXmj228msWXQCnfx1qY89knTEPZP42,2683054.73,2024-12-04,2024-12-04
7XGkKWLopB3X2kuLwfGKBq5uN9Jj8nQMLMW6yqjnSvXV,2679422.77,2024-12-04,2024-12-04
Hp7fx5PoK6jg7brkJYiQ1fdAR73fZpwtFZCuUPTY8pVg,2678720.87,2024-12-04,2024-12-04
5dDDSix4JDnGGRYxntQKpbnWzMyedu9euxy4Jc8D44yF,2399633.6,2024-12-04,2024-12-04
52PLdHKvVfdnoVTSDrxaxpBXp1aY5i7k77DgUyWbUpH3,2667917.83,2024-12-04,2024-12-04
CWJsYWk7WzwH2CnTK2UKVcNJc52uYFDtJfh57LZmEbxq,2663944.72,2024-12-04,2024-12-04
GKnsxVjjUkARPdEpiCCv97z8XxDhG1X12UFk6q8fDaR7,2656273.91,2024-12-04,2024-12-04
TyC6ttYUr2BVyTPxPpzKqdbpuJbquT6VXMsYVDwK2HF,2633735.21,2024-12-04,2024-12-04
92iYee4tHCanKiiCpFk3rvA89k466NjgVKojZkpJdcvj,2617251.78,2024-12-04,2024-12-04
8bcU1STysb1iqESaFoTmx8X4CbNcCCHcybG3CXC7nAxC,2615172.64,2024-12-04,2024-12-04
E7hVFmJvDGEkEWM6EGHhF9amY4EduojN6htdCh11b8Kn,2600143.06,2024-12-04,2024-12-04
HooderpigTVYapoXi6PQzxwtWhq3U1cuGvyu89fGjruY,2584562.78,2024-12-04,2024-12-04
GfLPiN1cUjL6YDeW9MR5woGKniCP9oDvnqohcCtQq2Sp,2562708.65,2024-12-04,2024-12-04
948ZdnmS29zKmKUV1ceMnGj8qS8nZxm9FaufK5bjy92a,2556665.17,2024-12-04,2024-12-04
ESr6Cto3c1u2hFLw8WQS3yZvSokNLU8LNi3FnMZQP58n,2552241.31,2024-12-04,2024-12-04
AWstNnKcLMKWo78TseLwQx9szT9qWzd33QLAhaMVRpbB,2541934.04,2024-12-04,2024-12-04
FviaDt7LiMh5osJAPNUUZLW9timFAGTimh6QRc6q4uuL,2532440.25,2024-12-04,2024-12-04
686N4GW3656gPBWC4XMELNjqjNn6SvEqjeS3YHDHBYvi,2521361.83,2024-12-04,2024-12-04
EyrpvsNTHJJxkABPrxzK4rartNL1faMxKviq5A4tB4Rh,2514792.8,2024-12-04,2024-12-04
DqrTpRqgiEE5GKePgYkhRyR2Vx9XnSJrV1Jd3ZZVECLF,2213582.52,2024-12-04,2024-12-04
66MENXtEyS1EEvc6WEhqbtLVVdBpTRbuGb33BJC19asr,2503595.37,2024-12-04,2024-12-04
7YktHzoqNRz1WN7wNLB8LfeSkrxSHipLSbZCT2LFADhx,2480163.47,2024-12-04,2024-12-04
9UL9RxgufT5ZQY163gHjRrfbhXxrBtGFv25tJjZHKtVK,2475435.08,2024-12-04,2024-12-04
7EuMTtaPG2CLYsqF4pP8x9Zg3zzujddoak5yUGEBFGf5,2471199.94,2024-12-04,2024-12-04
75GbYhubSexUmESbQhDsWV6od49Z44yiMCCvCD6YNB8A,2447682.86,2024-12-04,2024-12-04
D6nUhQ7o3TQwk243mgVS5hsdkuJk71fxZib3KxY4Upyv,2433450.37,2024-12-04,2024-12-04
hrx1rPTK8akUcjRPMgQeGcH1hvQ76LhnrD3LkKCkR86,2430279.07,2024-12-04,2024-12-04
4LZKUGRsHww51mD5TMbV8ncAoe5ymYiw3ZfcWzoS5wq5,2418993.14,2024-12-04,2024-12-04
6rpNHbHLdrFx9Kibsj24rmBvBLi1xucG8AL6RRLRZ8nv,2409532.14,2024-12-04,2024-12-04
3pFW9tvrnp42BDZHHvmZ56A8hwujG4wA9b8RAntC7ZPQ,2407966.38,2024-12-04,2024-12-04
GckH2awrcFZXD7ceTK7E684h4cfBFCAR1KHnFYKi4Zes,2389908.48,2024-12-04,2024-12-04
CXWow32cBFayFvD38QMEirCnbJ3yhEXiSFArj4gKtw3k,2387263.14,2024-12-04,2024-12-04
SJeBGZeNrrQ587v5kCRyZnkpN5RFQCy4ECo7yqhSb2U,2385265.64,2024-12-04,2024-12-04
H6RErn6vTw3ZSLBN9iNpP3cAq8CETh6dy6HVkEwPonjE,2377751.16,2024-12-04,2024-12-04
62ayF35G8NvnwFKWRNkMvypsVMyar6FG8S66x4T2FmFr,2376870.94,2024-12-04,2024-12-04
9oTsfYWULoX9V9X1xJosKquiv2RUxia6XTLZHn6aa5BN,2374371.16,2024-12-04,2024-12-04
qvSvybSeHVaRCSVg1eWUwPHCXh2B8GrtQQqZZmoe2XF,2368186.25,2024-12-04,2024-12-04
CGhPV8rB7c93ovNPCW3KeVKydMqUomiqPbxvJfkRprVn,2367198.73,2024-12-04,2024-12-04
EAidUwbaz9vu9ZLSNiDHiPGf6NTZRdzUUQsQbX9kowWa,2363592.58,2024-12-04,2024-12-04
BAmNcRyE8iSkfeppaTbFc77RJ867sFUSxaFqSL8MLrAS,2359634.42,2024-12-04,2024-12-04
5TbLYqUF4aAXYQeMDdfLuTZTKHy6EySMdJzXpDu81TVn,2352089.02,2024-12-04,2024-12-04
CK15zgbG3SSbCFtfnn5TFKswzBxSTWSvaDNoVBgbKYu,2351846.99,2024-12-04,2024-12-04
8CLWEyb8GKYgRJhmK4LUqg6QRMXyyTeDdMD8NjbbVEy4,2348277.31,2024-12-04,2024-12-04
CGS1LaRMqtv1tFBjcP3Artgqg5nz2DMtpVNGSUWY993G,2346335.66,2024-12-04,2024-12-04
EFYbFKpc6m5vx3fQjP1X7zfysMko2nh4w6zMfLc2jLRW,2340475.39,2024-12-04,2024-12-04
8fSnLTnRViK83dDesivTsPx2wiRhwti9xoafeMGjEyLJ,2337635.39,2024-12-04,2024-12-04
3jWagYkLiMbFun6qjpUqYkfSaPjuC3v5HwrtPXP4hP23,2335003.6,2024-12-04,2024-12-04
Gxvi21TQFxfSYQnonZadATrpDvCx9tNjpxpzV2EN5Ays,2331386.78,2024-12-04,2024-12-04
sD7s11yJ38VYEaWXDLNp4BiBtgtKXHdN7VLSLpyss38,2330546.64,2024-12-04,2024-12-04
FwTfPJqCFKuRh652pURrWt6hZTT4jQtec8ExZ4h8YgCH,2325470.0,2024-12-04,2024-12-04
CSiZG5sBsNDgLmbEH54hfLNAn3f3JXVsTqU1LzZTD3KX,1606409.25,2024-12-04,2024-12-04
EXgXjJmwPpRaYQKQo6zvVQw2S1P2bDAzZb6gpjpNabx,1736499.36,2024-12-04,2024-12-04
EcJPtReKkSDQhTT4RcWhWABoUp2HoZ8qJNikB6G58s3R,2317705.13,2024-12-04,2024-12-04
CvDD4viF7XWf517hucWz5o2CUyFMKXZNEnrQRtfKAXmM,2315046.58,2024-12-04,2024-12-04
221qQX3TNshm5XLV6Ei4YXewhY5vuxdGn6i7aHAF2xef,2314731.75,2024-12-04,2024-12-04
BmanDqQELF7QY5uRPw8vg3eMjR74WZnszKmNbLJKkay3,1833991.09,2024-12-04,2024-12-04
7k9EiHYnvYAANhxE4jhjCS9KCLHoYmACfvBTmdqSX7SN,2283085.8,2024-12-04,2024-12-04
6K2d9LvM3i47P9FxzEQP4hXZwiHA2c2wgfzGTeTvJqj8,2281338.98,2024-12-04,2024-12-04
CUqjTmYihCAMuwmqNvb2jKBC3bUR5J2Ek3Xw1qF5Gsb3,2279663.69,2024-12-04,2024-12-04
DTaxCwcxZ2E1vNmFLDq4qwjFT7MmroDfG7urBQKmh2sU,2269708.46,2024-12-04,2024-12-04
DTQ99bavEJNYyxtVZGX877AsaHbi2NccLpoKAPcaKsSt,2237655.0,2024-12-04,2024-12-04
7imishQeQy1vyxgkZuWqxWaP2ej3DKoHCb9dyJmeyszC,2234842.69,2024-12-04,2024-12-04
8AXAxE22L2jsenevwUQbAoty9h784FXj4cWngWVUYFAj,2231903.2,2024-12-04,2024-12-04
FR6D4oNcsSAzRT185QTnJY5Qq6d4uuKbVDEJNgTnMWWi,2222096.79,2024-12-04,2024-12-04
CKXzCmgNgQGonGvx9gpaHV9RXg1fHrMkQWmyzFuy4Cbv,2219036.19,2024-12-04,2024-12-04
CH7MJuK5Kh2e7cribybdQLPzSxLqL4AgWwKZgaNoHA7J,2205805.76,2024-12-04,2024-12-04
68MbxgnxADFnkijppvw3dTPu3NRCiAYGtCCrkhUTUPfb,2198188.55,2024-12-04,2024-12-04
Eswaek4iZKHaVuS2GyQ96DScmfcf9eHLxdVNNyHDtoFk,2191802.46,2024-12-04,2024-12-04
AhHvHMKh3C4XxpAX91n2HrR6GNBpF8dS6LQqyurkr1H5,2185526.47,2024-12-04,2024-12-04
7VBTpiiEjkwRbRGHJFUz6o5fWuhPFtAmy8JGhNqwHNnn,2168321.96,2024-12-04,2024-12-04
85H7h4PPrv4TVoJaSD7MtvdD32kuR9tCZpA8xjATJcm9,2158075.64,2024-12-04,2024-12-04
5AKFeUreeiC1XGjLzRtt2ZLDuf66yJQrsh5S1vCFMtfc,2145739.04,2024-12-04,2024-12-04
EB6Th6532ocmRBFfxpakyaptbbfYCzyYoW1m8yrefMEi,2131345.61,2024-12-04,2024-12-04
6aCaztcQgPXBeLkfYCGpj28qBqobytgoxXHecK21Bw5N,2127586.39,2024-12-04,2024-12-04
GGMfitHUT1HoRHi4krnBFQKsQQ8xeTwu9CxEYiCgQSgt,2083377.68,2024-12-04,2024-12-04
CLegS2MSiCsBksVazCg4Y7Gz3NqeBK21QyvzK4Q7S168,2078779.45,2024-12-04,2024-12-04
DqAJuQkdjxBgC7qGZ5UitzSrnKRUuvuBArpJ7eHWAMpF,2077068.08,2024-12-04,2024-12-04
6iF6Tr3fV9TLPWwo7njJmV9TNzW3G9LTDiwxRcekKWVU,2071307.82,2024-12-04,2024-12-04
E1humH4sxuBZ6whLPbaxi3k3eu8EECG6PVQjdc9jYMkL,2068829.6,2024-12-04,2024-12-04
5Xu8p9emHTkuNQkPN6D2ygkJypWo1nbUzbjYHUfXcNuR,2065769.01,2024-12-04,2024-12-04
HWarkScZiw7Du42zue2wLXTgz3AacesKTvrcsiWbgk6X,2063865.78,2024-12-04,2024-12-04
3JPYL9xEPFjefV3tccrUwhLzME1mMq2dQSDeDebgzQi6,2056244.95,2024-12-04,2024-12-04
YZfpcxQAKxoSjWf1sqVS5KKhgwxuS3y8h4xYCjSDXsZ,2050899.65,2024-12-04,2024-12-04
GSDhELGNGapNRUzehYDP1sqMeQjsYtsJ3SW15hqeBjs,2046708.11,2024-12-04,2024-12-04
HNPWG1925B9sfue9Ve159PpWdE1wcz1J4MkNvYjxfDBn,2046140.49,2024-12-04,2024-12-04
2q7EXuJ8UDjM8BsVm7BB4E93NG2p1EZo3enwu3wM8Qxx,2042986.19,2024-12-04,2024-12-04
5dGTjD5zVSf4rFi6gMV7Vow27FqUdRKfgkq3AeJmY3NB,2024174.72,2024-12-04,2024-12-04
2tmvt3WhwHJtSEXFCZTxf7MziBFLz1vho9ssBJhgwTy1,2015909.87,2024-12-04,2024-12-04
AjiBb79QSLgieRn5UMeUSbajzzBJUb5MLhR9c4TEApXM,2014788.58,2024-12-04,2024-12-04
5T9SUN1XuaoBvBZCzn5SyDzUv1uJGn1vgo1QGUoq8HyS,2011387.6,2024-12-04,2024-12-04
HtjnvPjCggCCeKcpM9XqP3uvdbuVYuyYA2uitbWkB6CG,1996224.35,2024-12-04,2024-12-04
38nYRZ7ENv1QNZgDk2d5rARsQroCDC6pRhJmCU8yVMbR,1991403.8,2024-12-04,2024-12-04
tV5gieH97qoRynBbYqU429GWyMADEpzFSqa3ZHVrCCi,1988374.75,2024-12-04,2024-12-04
4bdY7XB6ZtpTFtLwN1zmJEV9Qdo4KvqYqWzaT8jkbjvb,1969453.55,2024-12-04,2024-12-04
ERxQZepPQfebv1oTg1dr81dkDcAysQyTzgMmBRC9SC29,1967408.4,2024-12-04,2024-12-04
9SDGYp82aQeosFhC8re8oNeJoS586tEhBV6zKEgMsK2y,1956368.32,2024-12-04,2024-12-04
9KjDmak4XeHDomsC2vjo9HdSQJUm4ePnrXQe4c5Yx5jE,1953744.41,2024-12-04,2024-12-04
7i23h6dEDoN32kFCcHhhmtDMbekQqJxNJFL6d2EbDU4C,1953656.16,2024-12-04,2024-12-04
6wTVWXQPCmmAJra4wFMoy6kae5s2FguHyhcXyhTGmgTt,1412932.03,2024-12-04,2024-12-04
8cvMnYZLUmjPD7hakmDCzfKL4L12tMRpBtLJTPjkiSqe,1947113.15,2024-12-04,2024-12-04
BuV9QKhkfu1pstvwzvWkLejfPTZiqiksWKd6yD33qCaj,1945205.29,2024-12-04,2024-12-04
BjBu4TA71fx8RYimzvcPsjK88CM2jxXSCmkHPFNRKFb1,1940444.05,2024-12-04,2024-12-04
HcqHr5FaAViLsCkE6FNf1FJwBu2xCrd62dcrqeTjMWYS,1927418.82,2024-12-04,2024-12-04
FyYJ39RZCMFVjakLDAXSjtMYNnCXgjV5U1tm77tE7mfq,1911003.79,2024-12-04,2024-12-04
2N8Cy7yxjogchRvjAguyQhqut38n7K69M29LuAiCvBGE,1909107.65,2024-12-04,2024-12-04
7eMHLPHhQnN7Db3FRcTznjvivf3YJhi96c89Z9XwrSY,1904712.28,2024-12-04,2024-12-04
5Fc7o7MexBkAxw5QgiAe1fsjo8NM2UaYJzcuA3QpwRJz,1903100.82,2024-12-04,2024-12-04
4rkN6ZeSosr4ZEdyhNjG2dKM14zZ2LibbjboY9BfkqHT,1872494.27,2024-12-04,2024-12-04
6HxK8tWoT3EXcNYSz8kvVG3c1CexPCkzm1GKpXwTwRoA,1899735.65,2024-12-04,2024-12-04
39adstx8GYc6i6iZ5YrjBmgfYaFgu6SyQmtZT9RvwUHk,1706381.0,2024-12-04,2024-12-04
ANPDoVn9HnwRWmc2USwd8TE9DM6Pg1KVMDcgazux8Jnw,1891863.74,2024-12-04,2024-12-04
AZcRX681THmMRkL6ZvSpHXJBya6mLwzZRi5PBoDrAUYB,1881781.6,2024-12-04,2024-12-04
9pLzvD3s5g7nWbMbURPvYQgHp4piosoVLrxiEgr58v3d,1281722.64,2024-12-04,2024-12-04
2VCx7EZVg16t9nDJcdQ2qRuX37t9Wyc7mkAAqmVn7wMb,1875832.04,2024-12-04,2024-12-04
41CMkTohu1nXSKNexVxWYK3Xwe8Zgox9ag4CBruFBBv7,1871519.34,2024-12-04,2024-12-04
GSCGQm2h17NAgNthCxbSmiu6iNUD89tT6Z8xyCCYPhdd,1870115.2,2024-12-04,2024-12-04
669v2v1xexBywnQjDPGQqx2HThjYUhNPuexGmxKaHycx,1862980.45,2024-12-04,2024-12-04
6W35UtyP6hiHFWbW5Kn5zbMJBptwtkgv3h3akvDAHy22,1860353.54,2024-12-04,2024-12-04
8eKPLevBTQoQ6v5ABWsJYSA3vJgCy8N2cPVMFLQ2y5tT,1850990.53,2024-12-04,2024-12-04
BkcAL9ySN3JDkQPrAxUxUXDamgHq9xQiEQEgvoZaqSBx,1844753.28,2024-12-04,2024-12-04
73LnJ7G9ffBDjEBGgJDdgvLUhD5APLonKrNiHsKDCw5B,1841235.09,2024-12-04,2024-12-04
DtuDYeFooPmD42jBcMcVZYvqoZH1Fx1q8bwx3ZDxJqWv,1827846.49,2024-12-04,2024-12-04
Gcfv7nTZm4np279ANZHWyp8CK3tXXzuMoJFa9APzscox,1824874.31,2024-12-04,2024-12-04
NT15mpF1u9XZxV9rW39TdCxXFHS4jxsG8dxuw6t2Jh8,1824235.56,2024-12-04,2024-12-04
HdxkiXqeN6qpK2YbG51W23QSWj3Yygc1eEk2zwmKJExp,1820587.22,2024-12-04,2024-12-04
7xgQ3aSjGhqq356Ys4BVmDrF6GJSNX3ychTAeWQgTZEg,1810478.8,2024-12-04,2024-12-04
5YMQVP73HyJTTe6g9LXwTb3t8cQ3S9VhhJvyg9bBiU6A,1805302.26,2024-12-04,2024-12-04
6SEg24fHHVrCX24RbrQ7aFjTfsERzN9uEBD2znxXYoo8,1799213.57,2024-12-04,2024-12-04
CebhYDVwSK5bxN3nacD9pzSy5QFDHMXnAS5BpjAVAbsu,1796697.28,2024-12-04,2024-12-04
7h7pcqjjm7hnqbzfFKEd9kEHXMvDSxMuatGppDXPzQQW,1792998.53,2024-12-04,2024-12-04
G5WdNYEwF3iePH4ALBD21A9j1fYDiejEg6AxvSb97Ajr,1785250.64,2024-12-04,2024-12-04
2oLAt5nHoM8jrfFqqDvYcehXgn9oPkySCJsA1TALRWAN,1771660.06,2024-12-04,2024-12-04
CcTMq5wKfCPtXtxb5fscsX55fc6UrksvdT4mpoCAhKkk,1768377.14,2024-12-04,2024-12-04
8ttoUKnZV73aC1cag7hGaytVL8R16PTv4mDdykGZD6rg,1768356.33,2024-12-04,2024-12-04
AwSyCM8jkiaupUMbw1MyjQx4Ym4Bcixz5Kraga3mEpqv,1764637.83,2024-12-04,2024-12-04
9ZC1a1Ht2F8ikNcYwk71aZ3qydpktVWku9u4wVSkW8ps,1759535.79,2024-12-04,2024-12-04
2nNU2EfKSHa8Bq2vENuaxUxduMgWWLiG5Tq5wsoXyNyH,1754925.12,2024-12-04,2024-12-04
AuaDJ1ikDYKJRduziVv1E7PNbhriRzoz82FYj2ySUdT2,1754182.31,2024-12-04,2024-12-04
694X5Cuvx6xs4y2aDBu5U1RkZS4RTbcUCZ8qLbH7bVPc,1748323.1,2024-12-04,2024-12-04
9bV6iCKENQZtZMdQkEeHmPBLXxgVPJHhvTESm7DzsbxX,1747984.89,2024-12-04,2024-12-04
Gp28ETfXwNeKnNQtZhuwbPpyx8XmuL9oDuApeVtd6KFp,1745067.31,2024-12-04,2024-12-04
ERjCjBRinnL5zGgURC2DneErtqzojV7oNHhqiGnHcXW1,1021769.36,2024-12-04,2024-12-04
46W9hkMxtQfbsD6KirfZHoPuBVvTXj6J1mycdFeTrwEg,1741579.44,2024-12-04,2024-12-04
4ZuSrrXGZj6NtGNinAF2AA4YrSSqYFvNX7AEMfD2jykV,1741145.8,2024-12-04,2024-12-04
DCRSAhR9Q4RVSKX19oc2Zq7j8qCw3V4X632etRRX8Lr4,1738572.95,2024-12-04,2024-12-04
4afXtExJUx3cfqkCLbnDN6KyvZDPL8VC2Mv2gknHjazH,1736771.17,2024-12-04,2024-12-04
4WPTQA7BB4iRdrPhgNpJihGcxKh8T43gLjMn5PbEVfQw,1733163.32,2024-12-04,2024-12-04
DRvo33hjSs6pNQ9qUjz9AT4exa4WDFzRLaLSypS2Zbjj,1728834.24,2024-12-04,2024-12-04
6bVLiHHZUQnj5UsqMh9zTme7pzPLm4cVdnzkThQz5SRP,1722777.58,2024-12-04,2024-12-04
HrUvrcRSNn9hZP6rXHnncxGw11k5dMtLxrsfFePUKmbA,1716501.03,2024-12-04,2024-12-04
VX1YqY3APMP2mgz2Ghen1Avf7VdqTYbn8auGTgzPMA2,1712898.86,2024-12-04,2024-12-04
5P9qzUKBRX8H71gey3P7Bwf5kMLKFkWBsHQRyNGxC39J,1706873.2,2024-12-04,2024-12-04
9t6HkjNC7WYwaaoBXncteo25BM2cjzaD1t7csc6C1nxT,1706350.27,2024-12-04,2024-12-04
BnMVjL7wY1GXa4EDBT33efk677A4Uny6AhxAXxxaYxzx,1693160.3,2024-12-04,2024-12-04
EYjGkiKg9DZJRacntfkAPPYacTC3LJ3um5zkX987Vkc,1692818.32,2024-12-04,2024-12-04
ECcafvKE2ZLYwFoBpJWo98Yv3h57f8zPC3juiNvQs99L,1684052.83,2024-12-04,2024-12-04
AcUm7PunTqCYnLKD5ZbXaA4VtrWd8jccwPFCY3yMvLRa,1683969.42,2024-12-04,2024-12-04
8MHU3NwzuwpkcrF8S2nzNXbkCWn3TdE9UVtB3bQWJP7b,1678351.77,2024-12-04,2024-12-04
DPJQESVtc3uxWMQKoqWkUQxTfDuEwa69xbGr2Krku74e,1663578.95,2024-12-04,2024-12-04
3prB1SNw8XQzmtscWvqkTJNoFjgF5aJRpzh8JDNiPUGX,1600422.25,2024-12-04,2024-12-04
CB5e2EXjRCUmni77EJ1pWELiPnrMqZ8RzHoz4RUKLckL,1654624.86,2024-12-04,2024-12-04
3AxTU3Pruy9LQ8AQqShktiEU2g6fuSUuEGVLBy6Z9tWe,1654373.11,2024-12-04,2024-12-04
65jT5wk8FQyUWcSjgBsBRLU5NiSYGVYwRSKRiopPNAQ3,1646329.15,2024-12-04,2024-12-04
Gq1TJ14VDd3AaeVyXZfcduGBstR2j7NWx9Yciz4N6EB9,1644468.61,2024-12-04,2024-12-04
434GN5YXisvnYzcsmY9JrtduevPAHnE23kxAQYE5Qd5E,1634155.53,2024-12-04,2024-12-04
3Bufr622AC4ZVBtztvrsS7impwgR4stvVnwZ5aDynY5x,1633877.0,2024-12-04,2024-12-04
4bwrHhrWo8mUwvjEhWTP86FZeJQjfcq3iBEJkyDaYA9A,1631341.2,2024-12-04,2024-12-04
DyxDNLA3U4vxYL2Vd8eEM7bdiD1KAphwGwVcDvNhXkzp,1629156.65,2024-12-04,2024-12-04
EPmSej3befJqJChgPZNmoCp3zvVs1agqKmpGffpU1A2y,1626268.51,2024-12-04,2024-12-04
3ihAGnxUHGiw5KpLqt4F8AhubhJDSAhapGuwMRLLGF8V,1625968.08,2024-12-04,2024-12-04
3JnAaZ8TpaULWwS1foayCVNAYPwp3oGXYMeDNSm1TwXk,1624707.63,2024-12-04,2024-12-04
6tRZkbqwy99hWuExk8TnKYpUHHcQ6jb4FjnNwjh4RkHY,1621552.34,2024-12-04,2024-12-04
Fd9C7mKxmVh39EFovowmqtd7DjMF5KrvBybCwgLbnbai,1621254.26,2024-12-04,2024-12-04
GTE1YDQ9dursGQazNpphhF3RQJyimoK9nzZ3th9nuEUq,1617915.88,2024-12-04,2024-12-04
CAbjHm9UFTaJt9JDJ6S3aVmD4P8hagJitAFJsDjtQ4tT,1611742.5,2024-12-04,2024-12-04
6RFEC8fbB5joxJeGfrZNE1tUEEzBubHqR4GEimxyaHjy,1600654.37,2024-12-04,2024-12-04
724RwfJsWWzjuagakAzkyAza93tbJT9r4wZPTDpEZi6x,1597040.04,2024-12-04,2024-12-04
41Fihp1d3W4oGDCrjy75W5k3E878Kw8oqt8niSbaDizh,1596739.86,2024-12-04,2024-12-04
FjpyDvA4BwWbQB88CsuLbAyYtKKHHaCYfTVJaJgxxwx6,1594071.23,2024-12-04,2024-12-04
5UATnGWCexXeiRhBHPjpgkRvDYEH9XvQtwGNDATxDCS8,1592661.94,2024-12-04,2024-12-04
38ESLHdJkqNvMbJmbgsHJGXjJPpsL4TkvSUgXegYgvpr,1586566.26,2024-12-04,2024-12-04
3hctjz3xjyGx8ETpEsPMJU3NssFiZFZYMrbWJExvXa1U,1582299.47,2024-12-04,2024-12-04
BXt779uGCMKXNr9ecU7fhcUdRxjgowS1ExYtwNEEkTPZ,1580424.06,2024-12-04,2024-12-04
5MsB4V7eqvX7P5Sm1UVEr4Xw5CiH3xBPkbCfPpHoD8Kv,1577783.49,2024-12-04,2024-12-04
14XjPZKJWEkTbcBUSguBUeC65nek7QcB5LSQo616PULb,1576883.16,2024-12-04,2024-12-04
48qScVrmawp14WQuEyGVWLDUmPsiizt2Y2Q9ZGVWrmG7,1572746.72,2024-12-04,2024-12-04
8h4AsaX7sNCvXPZoHHEWXYgPoxnDAoSUc5BskYfXzg3D,1567655.73,2024-12-04,2024-12-04
9SS4UPH7mprnNyoLmcGyHDdbwR5DZhfR7VaU1DBT1AVH,1566475.67,2024-12-04,2024-12-04
28MyYrYpRwAwiACFwKQbzJ7LXAq3tSBPTJzrmG6ep1Fi,1562344.09,2024-12-04,2024-12-04
2btYi2pqVgtgzLqeAXE122FPhN2xBJMQpE1V9CMNv4EH,1559777.84,2024-12-04,2024-12-04
3wB2DfkSZmEdqtwAeWpEehLJiFS33SPUVRs5fbNqU3fo,1558984.27,2024-12-04,2024-12-04
3QUvsbw4teQ5gTNBc94ELr5ZU96xp3iuZXCY2D3AtXZD,1553132.08,2024-12-04,2024-12-04
Aviigqoxc4HsNod2mxuMAxY9kpRNgXcNuiQ8YhAszxK4,1549167.78,2024-12-04,2024-12-04
AywqnZuRct3C6yqQPFoHrSx1KNsNQkvojBxJ8NpAMCyZ,1545953.58,2024-12-04,2024-12-04
F798uRiw4eEZtqMHLDsJho9r7h8nhtmRSAaU64CMf5HV,1544346.3,2024-12-04,2024-12-04
GsV5Hqhe7uxMjQv1vQyV8uSPz861WhaLWKJhr1w4HKUj,1542564.44,2024-12-04,2024-12-04
J433tnmDFbCrXwcVcmdiFKAuSuPuB2LTMq2qcRDpSjKE,1541417.41,2024-12-04,2024-12-04
6AwqhVU5rx3sMovgCwc5KE1prBZaZZJSGgYSKmX8qg31,1540714.24,2024-12-04,2024-12-04
6MthV4EGn64iZbCunBWie9ML6vZfsTyD28Fb6a8fB6Sy,1540314.12,2024-12-04,2024-12-04
EK7Qhhv1yzni9wH9uBWso9QYPZGpn2TDtCorYy1KyW6B,1536995.49,2024-12-04,2024-12-04
6fh6sMWJ2RjVqRH3SuQLergayFtkfdJWvUtS1jw1EZiU,1527733.22,2024-12-04,2024-12-04
g9URhUnhAWWyfbCck8GSCmXQnkUNFDEmQ4z1brapist,1524750.39,2024-12-04,2024-12-04
EJ2jyVUceCYvC1HxY77X2adre7Kcf8sQaucrKaQtVtXs,1524313.0,2024-12-04,2024-12-04
32waT8GLZCV9ihc3xMRz38hwmFSQ8f52LWSesks9VQKf,1521571.68,2024-12-04,2024-12-04
3UjuWkeBDpsRsbuCZ1BgeW5K4xyygePoViH2khSsHfrV,1501121.77,2024-12-04,2024-12-04
GuQYW7pYrCzcakhtwhx1xmwc1PSEHMzJiDJpX43QJYio,1500855.21,2024-12-04,2024-12-04
5VhYqRkpkNhgP6c1aToL6dXXMEYNz9hjuvGEMZ9wvsjg,1498996.83,2024-12-04,2024-12-04
BRJGzKD7P6T6Z1ToA2iHzkfW4UgYJrCjVLhD9kZoCQAQ,1495062.02,2024-12-04,2024-12-04
8SbikPY8PBhy6mvgG89egGFDHriVbRzLLQhMtjjr1myF,1493693.86,2024-12-04,2024-12-04
Ep8zxFpVyC6YdbaMTBLWRvcDwhznGBPhnkqvy6k3mnig,1493515.51,2024-12-04,2024-12-04
D5VvqAQKbKAyDPDNs4ofRnRpLcNbvDFzYFJasP75iAcR,1482915.02,2024-12-04,2024-12-04
Xh8HJaeVFfLJpnG4uFkQA4Vv8RpKJH4CZrhzJZW22EZ,1471969.4,2024-12-04,2024-12-04
EZwTZYoGENWuCP39jiGtjgifTGoSanvgLTGAjSw36s5K,1470476.45,2024-12-04,2024-12-04
DxjmHXm1p7cs8Tezdf2EJm5xnwp9QC2E8CbfD1aXeH1j,1470451.8,2024-12-04,2024-12-04
CTrVfTnaYctKDBccB6rzPVnk9umNvjzANBsi3Ls7rZcN,1469032.97,2024-12-04,2024-12-04
76ULMs3hc1JsMNVaCeS1g9FsavpAGHeoCY9jxZWymHjY,1467231.78,2024-12-04,2024-12-04
G8UC9VBWq59fBPexdfy1CKxtQ3kcCTkeYMcmERReC2F2,1464600.17,2024-12-04,2024-12-04
5kF7wL9ynrm1vBvq7EkatcoueuAxnsUmS34hfsSDHHJL,1459545.45,2024-12-04,2024-12-04
CYSX1Etwgq2hUut2gkGULWUTVKy4rFL8xgY54isDhL3E,1457322.15,2024-12-04,2024-12-04
2cyYy2zPyThCJAVcD4JhqnTWnsTVSVJe55Gw3NrPKBf8,1453677.24,2024-12-04,2024-12-04
Hh7LzrcDvkmkVFbEfJXEv3rda2qoxehrCVPMk3am9wzC,1451270.47,2024-12-04,2024-12-04
DyG1bvVxQuG9v4wiZh2j1mvCouuU9GRcizv4DkDtpA8Y,1451072.08,2024-12-04,2024-12-04
J5PruodN1piFK8p2r1cUsafVThP4KGuHg7RzHJsB2oqg,1449933.58,2024-12-04,2024-12-04
AuvtNJMmzL9nhqGphC5ZLbur7s6wjtrVQRNY9noXWoFJ,1447570.86,2024-12-04,2024-12-04
FL4j8EEMAPUjrvASnqX7VdpWZJji1LFsAxwojhpueUYt,1445203.65,2024-12-04,2024-12-04
9yhYXo8w4pj7pQXuxZKFyuz5hXZFXRF5UQ24UZEVSihK,1442836.97,2024-12-04,2024-12-04
BieeZkdnBAgNYknzo3RH2vku7FcPkFZMZmRJANh2TpW,1442641.98,2024-12-04,2024-12-04
7gQrnrWnLnFoDwdvWZp2p5diiSZfz7xcR96MMprfZSxE,1439917.62,2024-12-04,2024-12-04
8cXMP1aDWMi5hS6vc33XgwZGDJ12BXWWXRSnM95P4WPv,1434167.5,2024-12-04,2024-12-04
36uPpYrcjVezk8pZqAdCfBsy2RQGkw3VUCccQMc9YNCD,1432667.23,2024-12-04,2024-12-04
2GSyxWRhPrwRsqY9Q6LrGsbGWzX7DFkXU7e4n3G5PD7r,1426137.62,2024-12-04,2024-12-04
4pKGtqvpdGpioxvg6vsjPADYW7twk5jTD8s6V7BwuLxC,1425674.99,2024-12-04,2024-12-04
DAt2GSMKhyjiqeSV9WZJShNRBaQH35H5ZQEzmVmEbTiN,1424282.12,2024-12-04,2024-12-04
F9HrC8S68AnnVpF26JGkxfMxw3EiG8PN23YQGpyzvR5t,1423284.36,2024-12-04,2024-12-04
Ay9wnuZCRTceZJuRpGZnuwYZuWdsviM4cMiCwFoSQiPH,1420610.94,2024-12-04,2024-12-04
4RdA9pordAbYrY3ZYT8zJdJTfHptbFxxsvQm7sJiXqgZ,1419934.25,2024-12-04,2024-12-04
FhxYLodShWbhYmm4LtDjQGHTAVLr5NuR4BtWENZYMixM,1418009.54,2024-12-04,2024-12-04
GH4NtrMtTrxRDMbQacT6bgyWVwDkoujLnCYwUY9pa5Cu,1414158.15,2024-12-04,2024-12-04
6PK9d3vsFoUQRUjgM1cnS5xNsaiAPCt1dGSLA1DMjaTL,1411232.17,2024-12-04,2024-12-04
3FpdUJbrr8ao2iUkfyhQnUuUbHjEW9RVZ24ZgjAseYY8,1409934.63,2024-12-04,2024-12-04
EJikoaCcBJo8DAPhnuJFQpVwiJ7c2FPY2h7u68STojTZ,1397057.91,2024-12-04,2024-12-04
EwviZypQnTpLaqzRiVFmdLQsNF17uC3rVs5dkA5zaJSv,1394137.56,2024-12-04,2024-12-04
GDGhmezU5VSYkG6RAjmqPfkhKeUmxRQCwzQ4iW4bnLG,1393341.5,2024-12-04,2024-12-04
3fETRwsEXvyd4KNzQmL381SPL4EzPNtHHUrjRzMpAcw1,1389210.86,2024-12-04,2024-12-04
7jNj82KrWjk3zhcQuWdKKS8izS4XVGdser6CJ9VQSvYJ,1386104.59,2024-12-04,2024-12-04
722d254xnMZ6Y8vWcpYbkYtJSg8JeGNhfyc7EKtnjt3R,1382402.86,2024-12-04,2024-12-04
6ei2MaChPFcGFJQ56cpSguitHSs6ac3Td1gZpucHj1Di,1382128.07,2024-12-04,2024-12-04
HtoipWusEYREo881qCjdfbSNywgSzG16JrnGcqF2Ag4T,1378210.6,2024-12-04,2024-12-04
H7Fr5kNSdJhuV5Wo97ByB1VLCwoJ3tzJ8Eyo47Ghxzkp,1373747.17,2024-12-04,2024-12-04
3kebnKw7cPdSkLRfiMEALyZJGZ4wdiSRvmoN4rD1yPzV,1370184.89,2024-12-04,2024-12-04
91n4zZwcoMrQGKxqN5jWiV5VU91fhoJjijPakCGYXYZz,1368422.22,2024-12-04,2024-12-04
DAxtWR1GXQK7UZ6TSoV5X3gdh1TNQkXsNgRzSGnU34JE,1366949.38,2024-12-04,2024-12-04
F2sZ7e5sHvA4rxjFjGhJXTNttDzGNn48wKL4psuhuy9V,1366021.82,2024-12-04,2024-12-04
BuZcQD6pTk9KSqL3j5PJnSjrhLVnzXKEj4VpmnH7XvQF,1364601.24,2024-12-04,2024-12-04
H5bZDeY84GY6R7qUZMMdNjeBm6FHs1yxf8FTHm2ijaxh,1363384.67,2024-12-04,2024-12-04
2FFsQLgSqhm52BX1uDcobE1dVeQWwaxC1SUkggqNzQ8H,1362538.73,2024-12-04,2024-12-04
5hiNWHL67K7qNk5TKoaRXvjGrmGMxx9kuHeasHqm9XeY,1361036.44,2024-12-04,2024-12-04
CANiQeNSC64GtbgWdt3R75zzcprEX8WQfxdbZM1EbeqQ,1359870.86,2024-12-04,2024-12-04
BACzmQWg6usC81NTRjDnCHjNDzpgyZtn164SFoBTjbMG,1357300.49,2024-12-04,2024-12-04
BLfE7E3hzUm9SCbx1dK1iuUaX7sYMQdNfw7LMUrU5JzD,1355092.18,2024-12-04,2024-12-04
7DLi65zbRDzdvtdVWpr1yy6cgekQYFo848UTxLt14PjJ,1352237.17,2024-12-04,2024-12-04
9ghBDMWQSwtxHjDVxenrcS8evpY7Mgr8FGdjLBskS6DN,1352070.06,2024-12-04,2024-12-04
AVAZvHLR2PcWpDf8BXY4rVxNHYRBytycHkcB5z5QNXYm,1351531.97,2024-12-04,2024-12-04
Cg8iao6paEhh67bMKFfuMieQGiXcEzS988XAie1JFSA4,1351390.54,2024-12-04,2024-12-04
DScqtGwFoDTme2Rzdjpdb2w7CtuKc6Z8KF7hMhbx8ugQ,1347715.59,2024-12-04,2024-12-04
8teFBoBfqK6oz4ERmH6i77FbQHBhiPzK5wigpovsnd31,1064288.66,2024-12-04,2024-12-04
CPHBzmbcYB3s8RoEWQG1a2pgQ1ZCPsFbvujvS9JfwxQA,1337484.95,2024-12-04,2024-12-04
9arR1qnasFLLzgXzJmRE8LFYpM7niC1bnJnhNoHBBqab,1333475.03,2024-12-04,2024-12-04
HnXJCgzt1cxEQvjrHCc9wDD61tmmbvf6TTXep5nrm3nT,1331158.09,2024-12-04,2024-12-04
B2BmJ2FVio36j4SH2fYCWtdZPrBgQnx8ovZ9TypRbYfY,1330538.52,2024-12-04,2024-12-04
CkAwcescTFEokh944SWAqoSFAwgQ1KzcGm6EHYiF8GBJ,1330122.28,2024-12-04,2024-12-04
AFfsZ9ehctGiGgVoecHGujm4q5nSdVHMSrCeckSsW4tB,1329373.89,2024-12-04,2024-12-04
5LVtaiw7Zpezy3ZJ9A8tKQKfTedZ9yf2k2uJmMshKJD9,1328697.68,2024-12-04,2024-12-04
GdX5UHTjSNo9m1Da4xVMHyQ4buUmaZNCgu4AHJf6Q1jd,1328594.35,2024-12-04,2024-12-04
9BJeB1u8zYNz5DCDLN35eZW5BdwP1pNs6HzPZo5hAXBj,1327136.92,2024-12-04,2024-12-04
HdjQrMEt23aQTPYiU5yiwJKKqEzQmz971MvuwAeVvgGq,1323914.48,2024-12-04,2024-12-04
5XiG8SCkdohoPRxeWWLizSDfw37g3rNSePMmp15RRDv7,1323258.75,2024-12-04,2024-12-04
6HZ8VXvasY8Yt4YSw4McMuoD4bJw9cavhRvs69VcKJyG,1318403.95,2024-12-04,2024-12-04
Fo9mpDkS6YkEZtMVhT68LiPerTdDmd89rbvHuq9FKVsN,1318347.26,2024-12-04,2024-12-04
6igtxRDiGqZCpzCHbXznXG8NGEwnQDRCmrFmBQGJT11o,1313104.09,2024-12-04,2024-12-04
688JbXUV41wfrrh5LG7YMHaAaN7FXDXGr8QezZAYiejJ,1014282.49,2024-12-04,2024-12-04
2Wy3q43cdy1Dv5TD58xct2yKzaGxRaJrA3vPzRE7QUfh,1309382.18,2024-12-04,2024-12-04
zNNjMt94qeW8pUrPaD8FLrir9DdnRBBEk6zcbKLxQm9,1307717.8,2024-12-04,2024-12-04
krodfwqL5yy5xNVrgp93QSrRNW568G24vRDfq4KCDDz,1298369.09,2024-12-04,2024-12-04
6Yum2vExT4zYGhNcMrHmPr68zhwEuKGHnS5pVgUyMit7,1298025.78,2024-12-04,2024-12-04
FdvYZ99wuATUdd6fuSqyAMJRoGLrcHivnuWHxgst475p,1295277.99,2024-12-04,2024-12-04
GfsXEumbWnndhwUt7X3RvUM3QyrdcZ39KYSNdH4wGMeE,1285223.4,2024-12-04,2024-12-04
HaSVPe8cQBDkpJofdfWcmJKCjVh6pFFjGp8viEozXhZh,1284903.1,2024-12-04,2024-12-04
DXxnfwRKnZjNjGE5duKmvHDaUjSCouYpbzkpCLLN8CQg,1281619.67,2024-12-04,2024-12-04
Ef5HfZtH91vJDNKG4U7QPsgMYXHJsKeZArDKBeWv5Djb,1275736.61,2024-12-04,2024-12-04
FkZwrAbE7Zze4NdqcFVTXhM9fktyfzQ5Ufp8K7v2H6gY,1267515.96,2024-12-04,2024-12-04
8EMhsZBqnHGwkQuXSDz2QTHRkjqF9NwBiZmuLD9aSZAY,1263860.74,2024-12-04,2024-12-04
3Kn3oZfitap6dP3F6o5fA2RNBms5LrR7eCjqg6iGEB5r,1263020.86,2024-12-04,2024-12-04
Dx4fsGTvFSPL8MNiCfxhSkqrEWdC8xW7qNiTzaqfe17n,1262634.36,2024-12-04,2024-12-04
6H65RZiPZVK2zuxbhquxdfk6PHVFeCHBcB8rwBob1ZFd,1261518.54,2024-12-04,2024-12-04
CWc831f9TKJ8McwVdWwVx2MGPvJaSjtVszfjvdihsRdn,1261218.78,2024-12-04,2024-12-04
95PCAxYtmryWiEN9ZRBwr6pzeuVucxYpy2P23cm6emBZ,1259122.7,2024-12-04,2024-12-04
GRqN83HhzGE9xrbG2Gk1H71SdoggESQ9AwxnN6XWJU5r,1254688.21,2024-12-04,2024-12-04
FWuPsvShrLG4r6iYjc3dDCoPneHFdYqDGX4MXuhTDf6y,1252739.13,2024-12-04,2024-12-04
83yTgibj92jifRYZ8U6Yh2GNqLTQPYyNy3YFVmGZNskG,1252320.93,2024-12-04,2024-12-04
Dg34Qo3KSDuPxoy6fMnzDRycbXfZ3bhf1K82JoNDfrtm,1248515.96,2024-12-04,2024-12-04
3k7gm9PFHvfoBiZ1BGuC9ztVc2mnd3LcnoQmC4hdznjw,1247934.86,2024-12-04,2024-12-04
H2ezi2yokAaw71C2mJR29VTQUBNgTGB8qvzVvbSJpvxh,1247740.3,2024-12-04,2024-12-04
Boobs3wCx1GdcN1vAQLsUfQNoMeorZZARSgQExpszmjp,1245080.36,2024-12-04,2024-12-04
FhKg269h2FJeG5GUjx7FJqcUxe5jNRNgzYDtXNbjMZ4H,1245051.68,2024-12-04,2024-12-04
3RNJNvu77Fkw1viJZP3xG29JZT8po3jYRBfDRkYXUkyy,1244208.51,2024-12-04,2024-12-04
ByETnksPEnzhNjEhSNX2wqxurQthaXF3bps8bc8sZGfD,1242829.85,2024-12-04,2024-12-04
5qWCWMbi2pUoPQt43Ehvqy9mDT62yu4QpE66mDUkWzLc,1238603.98,2024-12-04,2024-12-04
9M5QGgUbL2VWniwgN6jTHwLJSyktgz738QjmbSWMhQS4,1231838.87,2024-12-04,2024-12-04
Bczb6aXPmkuWL4vPUNECqGxxqcHVfTJDsf1QHzykK768,1230627.93,2024-12-04,2024-12-04
D7y3RqsxJisoMNajax4hmjaFw5Q7tdkSsfebipj2ygk7,1230068.83,2024-12-04,2024-12-04
5cBuJYBroLGdHap5f4hp78wMaC9fEXwizEQzAVLhTSY5,1226926.35,2024-12-04,2024-12-04
Erm6WDByJsg3VLubXDwkApgpG7UPcCFDLGbPyLfw9aY2,1224209.08,2024-12-04,2024-12-04
8drE5TwyowssRKPWNZ2BaSYkauWnM9LSSw6mFyHbNJ9i,1223696.36,2024-12-04,2024-12-04
ACHhRQMbTxuWqU3bmbBbgUNGsPsYnvB8KLcPkkXCY1C7,1222542.65,2024-12-04,2024-12-04
3sXeWdYtotCFJEJ6CsEBd32nj3A8KhUR3rqX1n2Gwn7N,1221621.69,2024-12-04,2024-12-04
9zWX2pQMZY8CuGVQYJujkkhUxkU2CGBkaVmTAALJc4cK,1219721.41,2024-12-04,2024-12-04
2BU3NAzgRA2gg2MpzwwXpA8X4CCRaLgrf6TY1FKfJPX2,1215365.37,2024-12-04,2024-12-04
EzPj5P5jUWAQvuR8xwChFCt9Mue4CXxsC8ig9oD3ajUA,1211739.26,2024-12-04,2024-12-04
HyNiuntjo51d5paTG7rX5XLLAAi68GQMN1STwSmvna4F,1210778.16,2024-12-04,2024-12-04
GyhmtpsSS5YftjkRkFuqqAvV5hu1vR9EDfWnBMxcXihT,1209890.2,2024-12-04,2024-12-04
3FxiBcKSbLQVar7z899zfUf7ybw97tVggcHfBXADsamq,1208084.78,2024-12-04,2024-12-04
BWg7T2hD4FB4yQ9B3V2KfCxQHsuZc2byjMBrUUnSMB1A,1207602.8,2024-12-04,2024-12-04
2GtTDpNvwsd5Ho4p71FDaNuhNi6M2DPg1iu13EJfqbSg,1206228.35,2024-12-04,2024-12-04
ZBrbp9G8hkX1AiGq665nqcf1rCKp3SQubbJempg9P7i,1204043.62,2024-12-04,2024-12-04
EBNqLLdpcgJQRa766JUpRatnxqPfHcTwcyHymyhr62cU,1196296.37,2024-12-04,2024-12-04
AaQtXpw8wsFyMs2pkb2uFqR7cZQWGXZ1GbmfewbwAQy1,1195477.65,2024-12-04,2024-12-04
5XdgZ895qjy7WSNJ1wwRYdJLV98AjZ4VPp4FjMeQvb6Y,1194231.67,2024-12-04,2024-12-04
Hiy2cDgGJGLT32tLQmtRCXTagGrT1JHsHAf71uZiNR9c,1187147.86,2024-12-04,2024-12-04
DBGAf7CyuNAX43cJxfjnaNd9CEWhv7DpCBuQAJzcN54y,1184749.07,2024-12-04,2024-12-04
eRM8nN1box2arCBGHcMjn9eTr75zmeffiimq4KtH8No,1184729.86,2024-12-04,2024-12-04
928HvrAk5YVgksEP87KixnkhqjXTcagYYmZfZzSgLq8T,1182981.59,2024-12-04,2024-12-04
4NfwPyCRv81vmhWhTgbrvT6StNfFny9PCuuVq1efcUz9,1173919.91,2024-12-04,2024-12-04
4zhALcaaGZQGexZE7VpX5Nk1ihHRDz9nfGCSt3FRy4z1,1173796.12,2024-12-04,2024-12-04
EcAaFpDAn2NjtsEfAuSvUjc1Hjoid977dwKWqq5JEzhh,1167054.44,2024-12-04,2024-12-04
6Tp4e9y6pvXqADaYAFanJiUV5pU4TubTBppErx7op9b5,1165152.89,2024-12-04,2024-12-04
EuidCxJhpDbeNL69AYmRpZ9Sm3eNM5W7dyGWkQ4yPLpg,1164211.13,2024-12-04,2024-12-04
CLhxXDchUtnwsn62Vp4zP1f2sRFXyZq2VjzvSeFRc93t,1161818.46,2024-12-04,2024-12-04
EKvN2xUwESbqt6xRzqUs6HpcaBhRMxp5TzVReckegrzo,1161441.18,2024-12-04,2024-12-04
6KoRkpRLvvWRYpbHFHJg3SfkRgTKzPe9P8CrH7ozfgae,1159562.8,2024-12-04,2024-12-04
orcACRJYTFjTeo2pV8TfYRTpmqfoYgbVi9GeANXTCc8,1155613.32,2024-12-04,2024-12-04
3XCyBGZKqMXi7EUgR3ZJHUPWt9J8GFtKBtDKuBmY8Cjs,1155583.76,2024-12-04,2024-12-04
2K7Q8hrnaTvhriSy8gqB7bYukpmcvNWSeDxQkqBEzYsa,1154605.42,2024-12-04,2024-12-04
4d5DdCcnSdz6c5Acqxew7yVju6foDHZpv9PbZ9KZgHhx,1153755.62,2024-12-04,2024-12-04
AvB7rAtbhm5Ftu2hz54FhfEG7obrcFJRMFFox6W99Emc,1152487.99,2024-12-04,2024-12-04
GcYC1FJEK6GRm4t33DtuQMZx1jsf1vJt8CtTWvrquyt6,1147947.18,2024-12-04,2024-12-04
Hewxc879FCExNuLZZkn42CN8jMNBUaqUfbkpFjbcdxfy,1147234.74,2024-12-04,2024-12-04
58VpPUtnZ5Ya3bmhLkKFQMpmucNroqzmMmsCGfMAo4pQ,1146106.77,2024-12-04,2024-12-04
B6NE1pFA3U7Am1fhoj7UyRh87CbfChQCLJFakYLep7QY,1144841.43,2024-12-04,2024-12-04
4guRujtSkfCsKfHu6jJQE1mMfZLB6r3GP1hNt4f1eFhQ,1142320.33,2024-12-04,2024-12-04
EjMyz8LevXkve98vS9R4GUzYa95bcMGZzyv2w7UUZ9Ye,1141997.58,2024-12-04,2024-12-04
9gS5TnkMcbSbvKB7qZV8yy2v4p5qJtpG5zSGyjVCMsL7,1138820.01,2024-12-04,2024-12-04
8gkKj4JNjMtaDWSt7eNjbEXQBNSRzLHziXJxtJpBAcJK,1133562.56,2024-12-04,2024-12-04
8cUv4hqrASqKrdnK35LEiD8LKdNC3DUrxLWF5a4JdKB9,1130658.86,2024-12-04,2024-12-04
HXaYWRuTFguFNvG2vN7gYXGssvUjwCG2p5ny933vLXjd,1120911.59,2024-12-04,2024-12-04
2ti1GBeBMrVVYZmFCx2xFijCCxYEwR8oXmTy7yWvS4kN,1119520.63,2024-12-04,2024-12-04
8a1qkzto7Ysom6bdKkLZMhnimWqkNftr2F8xP7pdFFXx,1117493.32,2024-12-04,2024-12-04
4WL1Ccf9iPr34uopFk91GoATNYRypX9KiEtoLC5FPPWr,1114584.13,2024-12-04,2024-12-04
5mCoDjQxaAfXF4NKYSqnH9C9aHXVcHDdjVwJgLs9djaw,1114222.94,2024-12-04,2024-12-04
F7VR5Lf98yACzSWvWHhTSU46h8pc4uyk5eHDQbU1dfEq,1113760.1,2024-12-04,2024-12-04
88DfBzwhQGyGAcRu1mh277VdfP5M3W1nobGGRpC1FiTW,1105797.36,2024-12-04,2024-12-04
CgAqPuy2dDSK4nq6ZgAuMLvTTn59whFX6W3eduV5c62F,1105098.84,2024-12-04,2024-12-04
7GBD3t2xWGbu9xhQP9r81EEbwhFvSp3Si4ki4gi7Sss6,1103744.13,2024-12-04,2024-12-04
6ZNQkNNo2jBnKR2vL6zioRXagmJVgzDmeptsGVBDjVkS,1101586.92,2024-12-04,2024-12-04
8oYCuawsqLRAXswZAnKFbv3484RVbCYjsE2BfUZwDf9n,1099400.74,2024-12-04,2024-12-04
DogKbap8voKSGhVVuTYMy22Lnv3deMG1vqJpUGs7BPEp,1095930.72,2024-12-04,2024-12-04
84Ze2He5mXCyYZchAweoYRuFqkfK1vVH5N8cvebGUu4u,1095530.02,2024-12-04,2024-12-04
F2iQ6ouSb6G8miFoFdo6JCUMNWUe5EvPsXKQzAPUJD6W,1095292.46,2024-12-04,2024-12-04
2VYxExX9VLHfqb5awYEXNuRC814VqnY27bB3reGPq6we,1095282.33,2024-12-04,2024-12-04
8pdL2go8arWUVr1JrEMS8bk3mBK1571Jqcbak62Aq81t,1091838.12,2024-12-04,2024-12-04
GsrxsT78HVYPrFokhijxXYcPpNBoFoWf6xLvwCJY7qDC,1089446.53,2024-12-04,2024-12-04
DEsCPxKwF3paKDkKnhjnrh1bU8tAVtRwTdy3ieeisJod,1087309.73,2024-12-04,2024-12-04
EDkv25Du3kZxStNyPNdDsG7mVs5Qt6VPoXc9LTzGwjwN,1086813.55,2024-12-04,2024-12-04
xpeJ8Nsv3LuaWLCApkmHqeyF8RxaTTFSzishQUEyTmH,1080073.17,2024-12-04,2024-12-04
42NnTDjiHCCdegFMQXnPVGwqeJfJ4aRDwLLFMDiQKMGo,1076856.4,2024-12-04,2024-12-04
BcdMcJTSSDDsRavu54VyPSiRpPDD497EFDtyXQn7QvcG,1074264.43,2024-12-04,2024-12-04
BEW7fSvLJoQ1XtdZSa4FoJJ5JPqFGPQ5QXGK4me1n5fn,1072742.5,2024-12-04,2024-12-04
6hrWsCY4TyXCs32qTdChVEHPZtL8Jvd58ChTRiK3CVSZ,1071554.2,2024-12-04,2024-12-04
2QNikXiya19gz97j7XBNz3w1VHJrx1UYqHMw1t7p6jja,1071095.25,2024-12-04,2024-12-04
8sHfJ1WTV3HsfDJwRHtiseMsBHVrE5qNNrZgSYswxpgv,1068675.35,2024-12-04,2024-12-04
FVvackAp4rU5TFfuHveT3uA6Lwxs9B6TcuyyCvcFfVts,1068374.89,2024-12-04,2024-12-04
6R2Vhf9W5Nz4RQ5zyfydPAmaRHLrfEzEMWQ3xjFi3V5X,1068286.85,2024-12-04,2024-12-04
9TuCsL5QkYrkoyP9oXasPHN6Fa5eWatQXuzxYrzCFcUM,1067085.23,2024-12-04,2024-12-04
Ehqd8q5rAN8V7Y7EGxYm3Tp4KPQMTVWQtzjSSPP3Upg3,1066332.26,2024-12-04,2024-12-04
5UqYbnAaYLvWy5j8uU5c782BbTfHPm9owfowJ38GWkBL,1066102.86,2024-12-04,2024-12-04
3KNCdquQuPBq6ZWChRJr8jGpkoyZ5LurLCt6sNJJMxbq,1064724.65,2024-12-04,2024-12-04
FtPVqgoeatUKeSxAb5ipc8vfc46ueWf43nnuo5ghjkH2,1063067.18,2024-12-04,2024-12-04
8poSVxdWbbsPe2mnkEbjXgtxJVWigdzkaDVqiGes73VJ,1061880.78,2024-12-04,2024-12-04
EWXBW9KLekgeBFU13JhzGJ3xa24d66hhuCG6of1Kc3bV,1059372.93,2024-12-04,2024-12-04
7UTRmt1tpRYseeitwSPzN8DdZQTt9x8RLs1UEfzJdj5V,1058397.2,2024-12-04,2024-12-04
9UWZFoiCHeYRLmzmDJhdMrP7wgrTw7DMSpPiT2eHgJHe,1054110.96,2024-12-04,2024-12-04
Cq8D64EjfwMVhTcX9TBqCe3HF83U52zu61YRzztLURBY,1053736.45,2024-12-04,2024-12-04
HGDn7hCpWFu2ZgXBAAwppQPkMw8rnZEL5SYaiM5ysdyM,1051230.46,2024-12-04,2024-12-04
DQvsxqv1csG2BPBEK1cfw3yfkyZcCtksG1DzhqJf9LiW,1050133.82,2024-12-04,2024-12-04
3QCVnpbMTTLGyLfNj5H7Xy6bHti3oe5XQ6MAkoWvVUS9,1050078.35,2024-12-04,2024-12-04
HTn7WXL3MdffjDkRSgDcaCY8h4MncLW8WZaXMVaqYQgS,1049988.04,2024-12-04,2024-12-04
4xkneKAg6xUWFYpz7KK6jnj5P64KSAzukU43rawxeAd2,1049266.16,2024-12-04,2024-12-04
BX6cBaCbwMNucKaWBZKLhTpJ5V7SCXpi3mgyAFKswJnk,1044918.18,2024-12-04,2024-12-04
9MVmm1eMuiLXbcEK6Wi6PNRK3pd8rFvAZKhzk5oeYRv2,1042222.45,2024-12-04,2024-12-04
HxVCGqXRXtTprYzQbAmJYKWB1mPuKsJes8PorLikxzKR,1039848.88,2024-12-04,2024-12-04
GeaqQV5gHRbZ3KCuHTjKXW6QJ5jEuXUVp3Q2xRFSsEKM,1039028.72,2024-12-04,2024-12-04
C4FqSYbNuKDB8yWJAmDD9PLT47FH8eEiL3KcrqF5Tood,1038164.54,2024-12-04,2024-12-04
6ZzWpyjbieCqzCDyaeYZKZmT9C3tcprDNfQR6xpzB1yr,1037491.34,2024-12-04,2024-12-04
3cuNjFmriH9Lf3iUvrjtLQ891bi9ByAvaGtypartQ2ne,1034577.51,2024-12-04,2024-12-04
Ea65oPRqjsb2ZksPdz5hZFTR45eexpEM294WwCf1yCvr,1030859.28,2024-12-04,2024-12-04
D7ENpdo1MyiZozqs8Qt2xfiU5nfzPZ58QKH14YuNa33z,1029975.88,2024-12-04,2024-12-04
GCwWCvfRwSxdnfUs5JgmnAt8HRfjfhKMu6E2ivjmRzQZ,1029755.11,2024-12-04,2024-12-04
CzhMJeCcYsrP4M5Rkd9fcNTaj7XuDHtNJ7Q35axaLLxT,1025948.43,2024-12-04,2024-12-04
EeDGYqTu6gNSoo9phLoZPTBfvCcMkWa8wB6oXibc3UGp,1025245.29,2024-12-04,2024-12-04
9y4B3y6yQEqrEsmzxnJxYuhVQPHvk5DQHQabKjhnFnJY,1023092.61,2024-12-04,2024-12-04
5mGiwKv373diNEQTfWgApHKPQTmRisxhgGq95mp1oRBZ,1022158.68,2024-12-04,2024-12-04
HQs3q3nrvbdg6BXEEcyRWudSoNQ1jCEymMfhc7LEiPKf,1020900.62,2024-12-04,2024-12-04
9VvVNCq6YGXA2fjTpa6bszEcm37FQn1wKFq2xMMjVaKp,1020152.97,2024-12-04,2024-12-04
3jgub3P9KP3XA9Dwh7XpKu35BiQNTZZXbPmfBAJMsroL,1018838.94,2024-12-04,2024-12-04
9aNLBhhNnU51Q1DHkQypBWgV3b4CeuDFjV6rNfyxoStf,1018635.59,2024-12-04,2024-12-04
GPhcNho7NzxEGbzpsCR7hiLgKAWepq589rzo7pVpqFE9,1017906.75,2024-12-04,2024-12-04
4eBgmtMNH4wL8rJvgSP2SLAATP6qbKc5byunPCBiRzXk,1017465.04,2024-12-04,2024-12-04
HsELu8VtA8vGRo9XGgX6XmbCcaeLCSbsDojdWoThAYk,1011958.74,2024-12-04,2024-12-04
FZ6rS7eqktH3rY6tbq67hRFsCPRDmovofiCcHf8EPs6X,1011725.14,2024-12-04,2024-12-04
48DPMy5BtdXe2pYDK4QfXrrkaurUFZisdxoqtf84iT6i,1011522.29,2024-12-04,2024-12-04
CH9i39Jga5ZTsKKadFd4N9V3GUUXjn3gPxJhePTeoJ22,1010093.33,2024-12-04,2024-12-04
Aa8dkwhgB4fmRgTzCo6zjUhFN9pFCY9zcGxJv8n6Gmnj,1009449.45,2024-12-04,2024-12-04
7nNygoLZerLiYCb3gEhYuFZYUg6gLBBCNmBQX2pHFBcj,1006970.31,2024-12-04,2024-12-04
DTxWNSCoUKvdRNtgXmJipEEC5AQWEB1TMnWtosRH4w75,1005522.16,2024-12-04,2024-12-04
9xzWdPjah2kCbSeDp6smUV3yQBErLd3wqwbnxWfLRUq4,1004201.74,2024-12-04,2024-12-04
7HzeDxUWkpbdEe6RBwfZg4rYfu4pvwajMwh97mMobFq6,1001740.75,2024-12-04,2024-12-04
